budget,cost,saved,roi,n_targeted
1000,990,5921.686196949636,498.15012090400364,33
3000,3000,14019.177400800054,367.3059133600018,49
5000,5000,19843.19861280922,296.8639722561844,49
10000,6000,22137.193207839544,268.9532201306591,50
15000,6000,22137.193207839544,268.9532201306591,50
