Strategy,Cost,Saved,Targeted,ROI
LP Optimal,5000,19843.19861280922,49,296.8639722561844
Greedy,1500,8301.447452939829,50,453.42983019598853
Random,1500,8301.447452939825,50,453.42983019598836
